,0
elo_diff,0.04758296
home_margin_r3,0.028782709
away_elo,0.025053497
away_margin_r10,0.02319792
away_pts_for_r10,0.022957856
away_efg_against_r3,0.02143137
away_pts_for_r5,0.02064238
away_orb_pct_r3,0.020640682
away_pts_against_r3,0.020632414
home_elo,0.02031185
home_home_away_split,0.020183494
away_rest_days,0.019705081
away_efg_for_r10,0.019431861
away_efg_for_r5,0.019405838
away_pts_against_r5,0.019068696
home_efg_against_r5,0.018813752
away_orb_pct_r5,0.018426746
away_tov_pct_r5,0.01835229
home_efg_for_r3,0.017953338
home_pts_against_r3,0.0179233
home_games_played,0.017766219
away_tov_pct_r3,0.017765202
home_margin_r10,0.017536558
home_orb_pct_r5,0.017053135
home_pts_for_r5,0.016900513
home_pts_for_r3,0.016795037
home_ft_rate_r5,0.016689515
away_ft_rate_r3,0.016592423
home_efg_against_r10,0.016433768
home_orb_pct_r10,0.016366659
away_games_played,0.016175624
home_efg_for_r5,0.016058784
away_tov_pct_r10,0.015717894
home_ft_rate_r3,0.015648432
home_efg_against_r3,0.015580844
away_efg_for_r3,0.015567383
home_efg_for_r10,0.015392675
home_tov_pct_r10,0.015391861
home_ft_rate_r10,0.015127206
away_pts_for_r3,0.014534473
home_pts_against_r5,0.014292411
away_ft_rate_r5,0.013991614
home_tov_pct_r3,0.013863457
home_pts_for_r10,0.013701864
away_win_streak,0.013532289
home_tov_pct_r5,0.01336459
home_rest_days,0.013199147
away_efg_against_r5,0.013083996
home_pts_against_r10,0.01268098
home_orb_pct_r3,0.012657793
away_margin_r5,0.012570793
away_home_away_split,0.012393067
home_win_streak,0.012342963
away_ft_rate_r10,0.011780616
away_pts_against_r10,0.011536175
away_efg_against_r10,0.010886758
home_margin_r5,0.010206689
away_orb_pct_r10,0.009966441
away_margin_r3,0.008356155
